成貓泌尿道毛球控制雞肉特調食譜7公斤,貓,1包,飼料,10,1287
成貓化毛體重控制專用配方7磅,貓,2包,飼料,20,8845
成貓化毛體重控制專用配方15磅,貓,3包,飼料,30,5910
成貓完美消化雞肉大麥全燕麥3磅,貓,4包,飼料,40,6224
成貓體重控制專用配方2公斤,貓,5包,飼料,50,3463
室內成貓雞肉特調食譜7公斤,貓,6包,飼料,60,9377
成貓雞肉特調食譜2公斤,貓,7包,飼料,70,2878
成貓頂級照護4公斤,貓,8包,飼料,80,4206
成貓體重控制專用配方2公斤,貓,9包,飼料,90,6482
成貓化毛體重控制專用配方15磅,貓,10包,飼料,100,8785
BLACKWOOD柏萊富功能性全齡犬糧護膚亮毛配方(羊肉+糙米)-5lb/15lb,狗,2包,飼料,110,9099
【Hill's希爾思】青春活力高齡犬雞肉與米(1.58/9.75公斤),狗,7包,飼料,120,5204
【Hill's希爾思】高齡犬小顆粒雞肉、大麥與糙米(2/6.8/12公斤),狗,4包,飼料,130,8224
【Hill's希爾思】高齡犬雞肉、大麥與糙米(3/6.8/14.9公斤),狗,9包,飼料,80,6154
【PetBest】觀賞鳥全方位飼料中大型鸚鵡(鳥飼料、鸚鵡、文鳥、全鳥種),鳥,2包,飼料,40,5530
【PetBest】觀賞鳥全方位飼料雀科鳥類(鳥飼料、鸚鵡、文鳥、全鳥種),鳥,5包,飼料,35,2557
【PetBest】飼育家九卵黃鈣/野菜加倍粟(鳥飼料、鸚鵡、文鳥、全鳥種),鳥,9包,飼料,59,6875
【汪喵星球】幼母犬營養主食罐-雞肉 80g/165g,狗,5罐,罐頭,20,3656
Naturea歐金天然無穀狗濕糧-共3種口味,狗,8罐,罐頭,36,2509
【西莎Cesar】蒸鮮包14歲以上特細切雞肉與蔬菜口味,狗,3罐,罐頭,12,2862
